,keyword
0,elon musk
1,putin
2,pak
3,afghanistan
4,khalistan
5,taliban
6,pakistani
7,moscow
8,balochistan
9,crimea
10,pakistan
11,peshawar
12,russian
13,lukashenko
14,sharif
15,lahore
16,russia
17,stevens
18,kabul
19,assassination
20,sergei
21,tajikistan
22,ukraine
23,islamabad
24,karachi
25,assassinate
26,khyber
27,icbm
28,punjab
29,sarkozy
30,kremlin
31,wounded
32,extradition
33,ukrainian
34,mercenary
35,khan
36,boris
37,tawang
38,rohingya
39,terrorist
40,bail
41,dam
42,donetsk
43,giza
44,sindh
45,consular
46,assad
47,geopolitics
48,govts
49,mission
50,vladimir
51,targeted
52,fatally
53,syria
54,govt
55,unrest
56,jfk
57,soldier
58,gunman
59,bounty
60,biden
61,kosovo
62,captured
63,pakhtunkhwa
64,saudi
65,wtc
66,ammo
67,tactical
68,ravichandran
69,blockade
70,fbi
71,jab
72,jalebi
73,deported
74,rescuer
75,bombshell
76,missile
77,counterterrorism
78,gangster
79,kharkiv
80,diplomat
81,prisoner
82,kidnapped
83,firing
84,trump
85,ramzan
86,crackdown
87,terrorism
88,kim
89,patel
90,iraq
91,gupta
92,jaishankar
93,humza
94,killer
95,trigger
96,indictment
97,belarus
98,arabia
99,militia
100,convict
101,kakhovka
102,crisis
103,kaczynski
104,guardsman
105,tank
106,shooter
107,guayaquil
108,uprising
109,rescue
110,iraqi
111,arrest
112,khanna
113,turkiye
114,waziristan
115,syrian
116,extremism
117,gun
118,bjp
119,deadlock
120,bomb
121,killed
122,singh
123,subpoena
124,nato
125,murdered
126,bombing
127,tapi
128,general
129,kohinoor
130,judiciary
131,stabbings
132,kill
133,plea
134,ahmadi
135,bailout
136,airstrikes
137,lok
138,kilicdaroglu
139,turkish
140,yeltsin
141,iran
142,accused
143,military
144,shubman
145,stab
146,corruption
147,rajnath
148,jagannath
149,beijing
150,shot
151,nsa
152,troop
153,astronaut
154,weapon
155,iranian
156,mutiny
157,indicted
158,toshakhana
159,doval
160,silvio
161,sedition
162,sri
163,saif
164,yousaf
165,fighter
166,arab
167,slammed
168,campaign
169,hiroshima
170,prison
171,spy
172,disarm
173,bajwa
174,detained
175,qatar
176,cyberattack
177,breach
178,armed
179,minister
180,pleads
181,notorious
182,diplomatic
183,sanction
184,kabaddi
185,rebel
186,bhutto
187,look
188,beggar
189,ballistic
190,cartel
191,ajinkya
192,faction
193,downed
194,houston
195,seen
196,brigadier
197,guard
198,attacked
199,nicolas
200,murderous
201,seized
202,assault
203,jihad
204,spotlight
205,bucha
206,china
207,nominee
208,junta
209,asia
210,gunfire
211,killing
212,harris
213,jpmorgan
214,protester
215,shooting
216,poisoned
217,known
218,hit
219,lipetsk
220,qaida
221,capture
222,gandhi
223,protest
224,defendant
225,ruthless
226,spurred
227,justice
228,gov
229,turkey
230,targeting
231,criminal
232,sikh
233,gandhian
234,nominates
235,shoot
236,li
237,bos
238,reinforced
239,tayyip
240,hammer
241,officer
242,garcetti
243,poland
244,ousted
245,beaten
246,stabbed
247,fatal
248,explosion
249,prosecutor
250,uae
251,shock
252,attacker
253,arif
254,shuts
255,overloaded
256,political
257,indira
258,felony
259,leader
260,army
261,enemy
262,soar
263,spying
264,government
265,quick
266,testify
267,artillery
268,revolt
269,imran
270,bidens
271,fukushima
272,civilian
273,korea
274,confronts
275,flee
276,report
277,ceasefire
278,suspected
279,haveli
280,casualty
281,identified
282,lanka
283,mosque
284,prigozhin
285,aid
286,tsmc
287,texas
288,consulate
289,pok
290,tibet
291,chapo
292,clinton
293,kick
294,strengthen
295,patriot
296,cnn
297,attack
298,gunpowder
299,force
300,explosive
301,news
302,coalition
303,kyiv
304,tanker
305,boom
306,jassy
307,congressman
308,bust
309,prepare
310,lavrov
311,secretary
312,alive
313,kapoor
314,convicted
315,musk
316,mistrial
317,politics
318,raid
319,suspect
320,korean
321,robbery
322,rifle
323,reporter
324,jailed
325,erdogan
326,trafficking
327,threat
328,ministry
329,banga
330,embassy
331,nevada
332,gop
333,istanbul
334,died
335,netanyahu
336,murder
337,airstrike
338,rebellion
339,shrug
340,rampage
341,prime
342,dead
343,bracewell
344,try
345,outrage
346,mohan
347,petersburg
348,zelensky
349,philippine
350,commander
351,hijab
352,journalist
353,province
354,support
355,conviction
356,judicial
357,false
358,scramble
359,operation
360,sudan
361,activist
362,crucial
363,escaped
364,rico
365,issued
366,kyi
367,rishi
368,senator
369,death
370,extremist
371,target
372,barricade
373,grant
374,chinese
375,pradesh
376,nomination
377,inflaming
378,redemption
379,poor
380,gory
381,kerala
382,haqqani
383,priti
384,sanaullah
385,arizona
386,strategic
387,defends
388,lockdown
389,scholz
390,congressional
391,envoy
392,serbia
393,police
394,aide
395,disqualification
396,communist
397,patrol
398,barricaded
399,flare
400,battle
401,sunak
402,sullivan
403,cuba
404,judge
405,slain
406,falsehood
407,raped
408,000
409,openai
410,dealmaker
411,evade
412,leverage
413,scottish
414,holi
415,jibe
416,fury
417,collusion
418,mandate
419,hope
420,win
421,warrant
422,underscored
423,hindi
424,courtroom
425,drug
426,menace
427,gaza
428,threatening
429,poised
430,terror
431,acute
432,surrender
433,shut
434,uscis
435,diverted
436,islamic
437,thwarted
438,wait
439,rally
440,1st
441,hizbollah
442,rushdie
443,mizos
444,berlusconi
445,rocket
446,likely
447,unabomber
448,behest
449,freed
450,justine
451,priority
452,wwii
453,muttaqi
454,evacuating
455,doklam
456,slamming
457,gallows
458,notable
459,smuggled
460,surprise
461,forced
462,icj
463,blast
464,serve
465,modi
466,threatens
467,muhammad
468,spur
469,hospice
470,happened
471,pulitzer
472,muslim
473,appear
474,hold
475,imf
476,press
477,kamala
478,bid
479,blown
480,plunge
481,demolition
482,palestinian
483,reported
484,ottoman
485,guru
486,president
487,backlash
488,verdict
489,bias
490,opposition
491,guilty
492,condor
493,persecution
494,country
495,deputy
496,accuser
497,indian
498,survival
499,amputee
501,gala
502,taylor
503,swift
504,elon
505,musk
506,layoff
507,microsoft
